Phylum,13663.2003,13663.2002,13663.2005,13663.2001,13663.2012,13663.2007,13663.2009,13663.2013,13663.2006,13663.2016,13663.2014,13663.2015,13663.2020,13663.2019,13663.2017,13663.2023,13663.2030,13663.2033,13663.2026,13663.2022,13663.2031,13663.2034,13663.2035,13663.2037,13663.2036,13663.2039,13663.2021,13663.2040,13663.2004,13663.2038,13663.2042,13663.2044,13663.2041,13663.2046,13663.2045,13663.2047,13663.2052,13663.2048,13663.2024,13663.2055,13663.2010,13663.2056,13663.2061,13663.2058,13663.2053,13663.2070,13663.2072,13663.2073,13663.2076,13663.2078,13663.2065,13663.2077,13663.2079,13663.2082,13663.2083,13663.2086,13663.2087,13663.2085,13663.2090,13663.2088,13663.2093,13663.2064,13663.2054,13663.2091,13663.2089,13663.2094,13663.2103,13663.2095,13663.2106,13663.2102,13663.2109,13663.2096,13663.2116,13663.2113,13663.2120,13663.2124,13663.2118,13663.2128,13663.2131,13663.2133,13663.2132,13663.2138,13663.2108,13663.2140,13663.2119,13663.2130,13663.2142,13663.2141,13663.2143,13663.2144,13663.2145,13663.2151,13663.2148,13663.2152,13663.2137,13663.2149,13663.2153,13663.2146,13663.2135,13663.2155,13663.2157,13663.2158,13663.2156,13663.2147,13663.2154,13663.2160,13663.2161,13663.2162,13663.2164,13663.2168,13663.2170,13663.2171,13663.2167,13663.2169,13663.2172,13663.2163,13663.2174,13663.2176,13663.2178,13663.2177,13663.2181,13663.2179,13663.2180,13663.2182,13663.2183,13663.2185,13663.2186,13663.2189,13663.2184,13663.2187,13663.2190,13663.2191,13663.2194,13663.2192,13663.2159,13663.2196,13663.2195,13663.2139,13663.2188,13663.2199,13663.2197,13663.2201,13663.2173,13663.2202,13663.2203,13663.2198,13663.2205,13663.2206,13663.2208,13663.2207,13663.2211,13663.2210,13663.2214,13663.2213,13663.2215,13663.2212,13663.2217,13663.2220,13663.2218,13663.2216,13663.2221,13663.2209,13663.2222,13663.2219,13663.2204,13663.2223,13663.2224,13663.2226,13663.2227,13663.2229,13663.2228,13663.2230,13663.2231,13663.2232,13663.2234,13663.2235,13663.2237,13663.2236,13663.2238,13663.2240,13663.2242,13663.2243,13663.2245,13663.2247,13663.2244,13663.2246,13663.2239,13663.2248,13663.2233,13663.2252,13663.2254,13663.2255,13663.2193,13663.2249,13663.2257,13663.2256,13663.2258,13663.2259,13663.2253,13663.2261,13663.2260,13663.2262,13663.2264,13663.2251,13663.2265,13663.2267,13663.2266,13663.2268,13663.2269,13663.BLANK1.1C,13663.BLANK1.1D,13663.BLANK1.1B,13663.BLANK1.1F,13663.BLANK1.1E,13663.BLANK1.1G,13663.BLANK2.2A,13663.BLANK2.2B,13663.BLANK2.2C,13663.BLANK2.2D,13663.BLANK2.2E,13663.BLANK2.2G,13663.BLANK2.2F,13663.BLANK2.2H,13663.BLANK3.3A,13663.BLANK3.3B,13663.BLANK3.3D,13663.BLANK3.3C,13663.BLANK3.3E,13663.BLANK3.3G,13663.BLANK3.3F,13663.BLANK3.3H,13663.BLANK4.11G,13663.BLANK4.12B,13663.BLANK4.11H,13663.BLANK4.12C,13663.BLANK4.12D,13663.BLANK4.12E,13663.BLANK4.12F,13663.BLANK4.12G,13663.BLANK4.4A,13663.BLANK4.12H,13663.BLANK4.4B,13663.BLANK4.4C,13663.BLANK4.4D,13663.BLANK4.4E,13663.BLANK4.4F,13663.BLANK4.4G,13663.BLANK4.4H,13663.mars00001,13663.mars00003,13663.mars00002,13663.mars00004,13663.mars00005,13663.mars00006,13663.mars00010,13663.mars00011,13663.mars00007,13663.mars000114,13663.mars00012,13663.BLANK1.1H,13663.mars00013,13663.mars00009,13663.mars00014,13663.mars00015,13663.BLANK1.1A,13663.mars00018,13663.mars00017,13663.mars00020,13663.mars00019,13663.mars00021,13663.mars00022,13663.2241,13663.mars00024,13663.mars00027,13663.mars00028,13663.mars00029,13663.mars00026,13663.mars00030,13663.mars00023,13663.mars00031,13663.mars00033,13663.mars00034,13663.mars00035,13663.mars00036,13663.mars00032,13663.mars00016,13663.BLANK4.12A,13663.mars00038,13663.mars00040,13663.mars00037,13663.mars00039,13663.mars00041,13663.mars00043,13663.mars00046,13663.mars00044,13663.mars00045,13663.mars00047,13663.mars00048,13663.mars00051,13663.mars00049,13663.mars00054,13663.mars00052,13663.mars00058,13663.mars00060,13663.mars00061,13663.mars00042,13663.mars00063,13663.mars00053,13663.mars00064,13663.mars00065,13663.mars00062,13663.mars00056,13663.mars00066,13663.mars00067,13663.mars00069,13663.mars00070,13663.mars00071,13663.mars00055,13663.mars00059,13663.mars00076,13663.mars00068,13663.mars00072,13663.mars00077,13663.mars00078,13663.mars00073,13663.mars0008,13663.mars00081,13663.mars00082,13663.mars00080,13663.mars00085,13663.mars00083,13663.mars00087,13663.mars00089,13663.mars00086,13663.mars00091,13663.mars00084,13663.mars00093,13663.mars00096,13663.mars00095,13663.mars00102,13663.mars00090,13663.mars00101,13663.mars00099,13663.mars00103,13663.mars00104,13663.mars00105,13663.mars00098,13663.mars00108,13663.mars00109,13663.mars00106,13663.mars00111,13663.mars00110,13663.mars00115,13663.mars00113,13663.mars00092,13663.mars00117,13663.mars00118,13663.mars00123,13663.mars00119,13663.mars00120,13663.mars00107,13663.mars00116,13663.mars00128,13663.mars00126,13663.mars00088,13663.mars00094,13663.mars00130,13663.mars00131,13663.mars00134,13663.mars00132,13663.mars00135,13663.mars00133,13663.mars00129,13663.mars00136,13663.mars00124,13663.2032
Acidobacteria,0.0,0.0,0.0,0.0,0.0,0.0,0.0,0.0,0.0,0.0,0.0,0.0,0.0,0.0,0.0,0.0,0.0,0.0,0.0,0.0,0.0,0.0,0.0,0.0,0.0,0.0,0.0,0.0,2.0,0.0,0.0,0.0,0.0,0.0,1.0,0.0,0.0,0.0,0.0,0.0,24.0,0.0,0.0,0.0,0.0,0.0,0.0,0.0,0.0,0.0,0.0,0.0,0.0,0.0,0.0,0.0,0.0,0.0,0.0,2.0,0.0,3.0,3.0,0.0,0.0,2.0,0.0,0.0,0.0,0.0,0.0,0.0,0.0,0.0,0.0,0.0,0.0,0.0,0.0,0.0,0.0,0.0,0.0,0.0,4.0,8.0,0.0,0.0,1.0,0.0,0.0,0.0,0.0,0.0,6.0,0.0,0.0,0.0,0.0,0.0,0.0,0.0,0.0,0.0,3.0,0.0,0.0,0.0,0.0,0.0,0.0,0.0,2.0,0.0,0.0,0.0,0.0,0.0,0.0,0.0,0.0,0.0,0.0,0.0,0.0,0.0,0.0,0.0,0.0,0.0,0.0,0.0,0.0,0.0,2.0,0.0,0.0,3.0,0.0,0.0,0.0,0.0,0.0,0.0,0.0,2.0,0.0,0.0,0.0,0.0,0.0,0.0,0.0,0.0,0.0,2.0,0.0,0.0,0.0,0.0,0.0,0.0,0.0,0.0,2.0,2.0,0.0,0.0,0.0,0.0,0.0,0.0,0.0,0.0,0.0,0.0,0.0,0.0,0.0,0.0,0.0,0.0,0.0,0.0,0.0,0.0,0.0,0.0,0.0,0.0,0.0,0.0,12.0,0.0,0.0,0.0,0.0,0.0,0.0,0.0,0.0,0.0,1.0,1.0,0.0,0.0,0.0,0.0,0.0,0.0,0.0,0.0,0.0,0.0,0.0,0.0,0.0,0.0,0.0,0.0,0.0,0.0,0.0,0.0,0.0,0.0,0.0,0.0,0.0,0.0,0.0,0.0,0.0,0.0,0.0,0.0,0.0,0.0,0.0,0.0,0.0,0.0,0.0,0.0,0.0,0.0,0.0,6.0,0.0,0.0,0.0,0.0,0.0,0.0,0.0,0.0,0.0,0.0,0.0,0.0,0.0,0.0,0.0,0.0,0.0,0.0,0.0,0.0,0.0,0.0,0.0,4.0,0.0,0.0,0.0,0.0,0.0,0.0,2.0,0.0,0.0,0.0,0.0,0.0,0.0,3.0,5.0,0.0,0.0,0.0,0.0,0.0,0.0,0.0,0.0,1.0,0.0,0.0,0.0,0.0,0.0,0.0,0.0,0.0,0.0,0.0,0.0,1.0,0.0,0.0,0.0,0.0,0.0,0.0,0.0,0.0,0.0,0.0,13.0,0.0,0.0,0.0,0.0,0.0,1.0,0.0,0.0,0.0,2.0,0.0,0.0,0.0,0.0,0.0,0.0,0.0,0.0,0.0,0.0,0.0,0.0,0.0,0.0,0.0,0.0,0.0,0.0,0.0,0.0,0.0,0.0,0.0,0.0,0.0,4.0,0.0,0.0,0.0,2.0,0.0,1.0,1.0,0.0,0.0,4.0,6.0,0.0,0.0,0.0,0.0,0.0,0.0,0.0,0.0,2.0,0.0
Actinobacteria,6923.0,8212.0,12607.0,22028.0,41285.0,15582.0,5761.0,14180.0,126396.0,8762.0,19914.0,18519.0,59409.0,11868.0,30354.0,31249.0,14854.0,83845.0,84897.0,541405.0,272832.0,59079.0,5672.0,6699.0,62876.0,11905.0,766969.0,26750.0,500111.0,153280.0,18065.0,30497.0,293281.0,23342.0,96560.0,51443.0,51256.0,11881.0,1461086.0,43835.0,6284986.0,6551.0,348051.0,23358.0,265519.0,102187.0,4744.0,34674.0,4783.0,138.0,85536.0,14630.0,86996.0,10893.0,1737.0,25715.0,33505.0,100349.0,3212.0,81576.0,5085.0,220491.0,337463.0,40887.0,799962.0,536947.0,20186.0,517541.0,24740.0,251140.0,13360.0,139808.0,15061.0,222543.0,10410.0,193363.0,107017.0,59939.0,83134.0,32206.0,503424.0,22935.0,230429.0,2146.0,447711.0,285992.0,24197.0,53818.0,41461.0,4248.0,43238.0,17191.0,204807.0,12750.0,543150.0,15389.0,28258.0,68189.0,335633.0,2595.0,29164.0,9567.0,137566.0,431841.0,407745.0,2396.0,28134.0,33943.0,17739.0,52008.0,226992.0,7374.0,129267.0,45622.0,30928.0,51176.0,20366.0,6046.0,2936.0,1967.0,10636.0,41273.0,65335.0,40838.0,17631.0,6000.0,14036.0,32281.0,6226.0,288997.0,6120.0,28533.0,57731.0,5837.0,1707625.0,17650.0,32489.0,1738221.0,171716.0,51913.0,17981.0,23927.0,2426095.0,151354.0,27968.0,1037892.0,30717.0,24986.0,30079.0,33913.0,26121.0,42097.0,25923.0,17634.0,9268.0,251872.0,12322.0,92089.0,30785.0,26948.0,51097.0,363875.0,36738.0,179025.0,137031.0,56812.0,30687.0,29325.0,15567.0,1714.0,23937.0,40603.0,24642.0,7827.0,17638.0,136153.0,26496.0,30586.0,13437.0,5499.0,5990.0,11679.0,6848.0,79134.0,18548.0,39138.0,412829.0,9547.0,657419.0,4342.0,33652.0,32842.0,930882.0,435942.0,20194.0,6051.0,18277.0,61400.0,410512.0,8737.0,12980.0,5268.0,15331.0,191032.0,26291.0,43235.0,86948.0,46142.0,13706.0,8937.0,3621.0,15056.0,6566.0,12158.0,5924.0,1387.0,63.0,12.0,3125.0,1160.0,9.0,23.0,2312.0,1575.0,6489.0,24.0,57.0,16.0,375.0,312.0,283.0,763.0,360.0,7987.0,445.0,386.0,169.0,104.0,65.0,213.0,2352.0,195.0,29.0,9.0,90.0,12.0,2.0,627.0,5185.0,33806.0,24014.0,24093.0,8384.0,12069.0,23854.0,12998.0,16885.0,58757.0,18778.0,164992.0,11429.0,60114.0,12400.0,4657.0,259028.0,16399.0,58429.0,159520.0,17005.0,83674.0,337806.0,310352.0,26379.0,3402.0,15094.0,22195.0,51261.0,13541.0,186583.0,208263.0,85369.0,37243.0,20298.0,10104.0,303510.0,520596.0,1448059.0,35799.0,13099.0,64444.0,44507.0,41110.0,56283.0,27013.0,16488.0,13259.0,9677.0,19327.0,14077.0,26495.0,34348.0,31958.0,23744.0,19489.0,45730.0,494507.0,19872.0,312916.0,37592.0,274438.0,186874.0,428944.0,49076.0,11421.0,53756.0,28724.0,61339.0,295540.0,757619.0,4080.0,155053.0,41784.0,29562.0,11981.0,67526.0,42553.0,75556.0,66177.0,1084988.0,13002.0,86331.0,9413.0,3814.0,15034.0,9013.0,737501.0,5103.0,741.0,11118.0,11603.0,96665.0,110779.0,21504.0,15876.0,15626.0,53509.0,143040.0,17447.0,11362.0,31476.0,29578.0,3726.0,50211.0,57374.0,665635.0,7661.0,15145.0,5561.0,33121.0,27786.0,191897.0,2506139.0,56551.0,172464.0,126344.0,876782.0,82262.0,74287.0,32108.0,102846.0,177802.0,7049.0,74562.0,25852.0,699127.0,0.0
Bacteroidetes,455956.0,667472.0,614072.0,527419.0,926873.0,3186179.0,796147.0,1627411.0,5649612.0,20946.0,1568796.0,2213375.0,968404.0,749168.0,1139942.0,2057782.0,163969.0,1969806.0,923969.0,9219387.0,1657307.0,958051.0,1142313.0,762514.0,1465585.0,245511.0,1550408.0,516804.0,28029598.0,3216231.0,1857538.0,1780487.0,2945236.0,2044188.0,1220278.0,1145438.0,806543.0,1854931.0,8154558.0,360561.0,5442600.0,1921055.0,773475.0,2526444.0,1603220.0,1012560.0,1183558.0,996474.0,1082741.0,10237.0,8730530.0,2127259.0,1083147.0,392535.0,926860.0,284535.0,1132834.0,4182841.0,442689.0,532302.0,461734.0,14829925.0,17021987.0,5435871.0,8509238.0,1773353.0,548523.0,16489291.0,1267698.0,9133403.0,2083318.0,337800.0,1263789.0,591715.0,593339.0,186290.0,3620664.0,756918.0,316680.0,678918.0,310654.0,2043819.0,969136.0,718137.0,8403822.0,6884333.0,1394587.0,3028460.0,535512.0,878088.0,509054.0,1281961.0,1617681.0,1549090.0,4660956.0,6997793.0,902030.0,5913802.0,11532452.0,676868.0,651654.0,207227.0,4837052.0,7259128.0,1690102.0,1585297.0,375979.0,750692.0,695005.0,2623797.0,947362.0,553264.0,2100289.0,535336.0,1476734.0,3689506.0,1690877.0,1343378.0,1266976.0,1252313.0,757192.0,206585.0,1686103.0,883899.0,680985.0,985647.0,860090.0,448909.0,480128.0,300662.0,2511492.0,3325747.0,1283906.0,1289317.0,20093455.0,2431987.0,1275531.0,9678793.0,9976795.0,1372309.0,1007341.0,543375.0,2451449.0,223117.0,1685584.0,2747949.0,1381230.0,398085.0,165767.0,274397.0,895811.0,992870.0,316773.0,972665.0,3892084.0,7480733.0,620694.0,338512.0,1426457.0,6412013.0,480084.0,8897533.0,844386.0,2264933.0,9441565.0,649010.0,867622.0,715787.0,843063.0,1435509.0,692802.0,1245536.0,1107622.0,625361.0,1086667.0,250619.0,443551.0,826552.0,608064.0,2495835.0,712859.0,911381.0,201209.0,747741.0,557715.0,851515.0,6674506.0,1150152.0,9185001.0,329037.0,1059370.0,895396.0,1946626.0,9119431.0,621826.0,801874.0,1798914.0,1411654.0,5785978.0,960881.0,2259914.0,994639.0,1074465.0,5362245.0,699994.0,667379.0,148372.0,1113434.0,967078.0,590371.0,354708.0,1059911.0,432315.0,1063643.0,78206.0,57105.0,1242.0,202.0,31497.0,6936.0,659.0,300.0,147352.0,179465.0,434937.0,70.0,4917.0,205.0,7728.0,95804.0,10420.0,3915.0,1047.0,127193.0,3572.0,2839.0,2506.0,278.0,1061.0,6523.0,20738.0,1182.0,55.0,155.0,130.0,191.0,70.0,1314.0,425519.0,488102.0,704703.0,538762.0,764483.0,813751.0,450559.0,603731.0,1833943.0,1367816.0,2287177.0,8542407.0,1192802.0,717323.0,1975248.0,986079.0,22917590.0,649286.0,1382542.0,428155.0,1118844.0,497595.0,302967.0,42343832.0,1140456.0,587527.0,1395355.0,705457.0,320026.0,371720.0,13717954.0,1550742.0,331921.0,68370.0,293086.0,1070303.0,2997281.0,5016167.0,18232515.0,188904.0,559378.0,1606437.0,1087160.0,1012186.0,1098548.0,536772.0,1258159.0,575635.0,2318286.0,1463826.0,1652728.0,2330929.0,525028.0,1075318.0,2237931.0,1519853.0,1421597.0,11101386.0,2738335.0,16397811.0,758470.0,666302.0,996198.0,11010401.0,1976311.0,1177835.0,1419168.0,3699786.0,858899.0,13284115.0,21240851.0,766707.0,2888227.0,1374609.0,1264158.0,725854.0,4231762.0,2033930.0,3535510.0,2799214.0,1499169.0,1725685.0,5493032.0,460180.0,515961.0,449029.0,1393334.0,6391345.0,1442720.0,13567.0,1066183.0,540182.0,13272190.0,830193.0,2198249.0,1562181.0,1083041.0,845579.0,7241154.0,556589.0,771362.0,1216289.0,738825.0,128986.0,2458243.0,272272.0,30025427.0,999012.0,1141213.0,1085679.0,1037276.0,913278.0,17090569.0,1926041.0,731607.0,1913896.0,22919091.0,6069044.0,495467.0,520028.0,2135630.0,1181115.0,486761.0,1838438.0,4983005.0,309335.0,26122958.0,16.0
Chlorobi,0.0,0.0,0.0,0.0,0.0,0.0,0.0,0.0,0.0,0.0,2.0,0.0,0.0,0.0,0.0,0.0,0.0,0.0,0.0,1.0,0.0,0.0,0.0,0.0,0.0,0.0,3.0,0.0,3.0,0.0,0.0,0.0,0.0,0.0,0.0,0.0,0.0,0.0,0.0,0.0,3.0,0.0,0.0,0.0,1.0,0.0,0.0,0.0,0.0,0.0,0.0,0.0,0.0,0.0,0.0,0.0,0.0,0.0,0.0,2.0,0.0,0.0,0.0,0.0,0.0,0.0,0.0,0.0,0.0,0.0,0.0,0.0,0.0,0.0,0.0,0.0,3.0,0.0,0.0,0.0,0.0,0.0,2.0,0.0,1.0,4.0,0.0,0.0,0.0,0.0,0.0,0.0,0.0,0.0,3.0,0.0,0.0,0.0,0.0,0.0,0.0,0.0,0.0,0.0,2.0,0.0,0.0,0.0,0.0,1.0,0.0,0.0,1.0,0.0,0.0,0.0,0.0,0.0,0.0,0.0,0.0,0.0,0.0,0.0,0.0,0.0,0.0,1.0,0.0,0.0,0.0,0.0,0.0,0.0,0.0,1.0,0.0,0.0,0.0,0.0,1.0,0.0,0.0,0.0,0.0,1.0,0.0,0.0,0.0,0.0,1.0,0.0,0.0,0.0,0.0,0.0,0.0,0.0,0.0,0.0,0.0,0.0,0.0,0.0,0.0,0.0,0.0,0.0,0.0,0.0,0.0,3.0,0.0,0.0,0.0,0.0,0.0,0.0,0.0,0.0,0.0,0.0,0.0,0.0,0.0,0.0,1.0,0.0,0.0,0.0,0.0,0.0,8.0,0.0,0.0,0.0,0.0,0.0,0.0,0.0,0.0,0.0,0.0,0.0,0.0,0.0,0.0,0.0,0.0,0.0,0.0,0.0,0.0,0.0,0.0,0.0,0.0,0.0,0.0,0.0,0.0,0.0,0.0,0.0,0.0,0.0,0.0,0.0,0.0,0.0,0.0,0.0,0.0,0.0,0.0,0.0,0.0,0.0,0.0,0.0,0.0,0.0,0.0,0.0,0.0,0.0,0.0,0.0,1.0,0.0,0.0,0.0,0.0,0.0,0.0,0.0,0.0,0.0,0.0,0.0,0.0,0.0,0.0,0.0,0.0,0.0,0.0,0.0,0.0,0.0,1.0,0.0,0.0,0.0,0.0,0.0,0.0,0.0,0.0,0.0,0.0,0.0,0.0,0.0,0.0,0.0,0.0,0.0,0.0,0.0,0.0,0.0,0.0,0.0,0.0,0.0,0.0,0.0,0.0,0.0,0.0,0.0,0.0,0.0,0.0,0.0,0.0,5.0,0.0,0.0,0.0,0.0,0.0,0.0,0.0,0.0,0.0,0.0,0.0,0.0,1.0,0.0,0.0,0.0,0.0,0.0,0.0,0.0,0.0,0.0,0.0,0.0,0.0,0.0,0.0,0.0,0.0,0.0,0.0,0.0,0.0,0.0,4.0,0.0,0.0,0.0,0.0,0.0,0.0,0.0,0.0,0.0,0.0,0.0,0.0,0.0,0.0,0.0,0.0,0.0,0.0,0.0,0.0,0.0,0.0,0.0,0.0,0.0,0.0,0.0,0.0,0.0,3.0,0.0,2.0,0.0
Chloroflexi,18.0,3.0,10.0,96.0,0.0,6.0,5.0,7.0,2.0,0.0,2.0,0.0,4.0,0.0,2.0,7.0,6.0,0.0,36.0,82.0,39.0,4.0,5.0,0.0,68.0,0.0,25.0,4.0,1.0,10.0,0.0,2.0,16.0,0.0,6.0,2.0,1.0,0.0,14.0,4.0,32.0,0.0,42.0,0.0,1.0,35.0,0.0,13.0,109.0,0.0,0.0,1.0,6.0,0.0,1.0,30.0,0.0,2.0,5.0,2.0,0.0,31.0,789.0,22.0,0.0,58.0,2.0,2.0,3.0,1.0,1.0,200.0,0.0,33.0,0.0,18.0,226.0,70.0,1.0,0.0,44.0,11.0,4.0,0.0,9.0,16.0,0.0,0.0,9.0,6.0,0.0,2.0,11.0,5.0,5.0,0.0,3.0,0.0,104.0,2.0,10.0,0.0,46.0,21.0,9.0,0.0,0.0,3.0,0.0,34.0,1.0,2.0,0.0,2.0,4.0,0.0,0.0,0.0,0.0,0.0,0.0,2.0,14.0,0.0,0.0,0.0,2.0,0.0,5.0,39.0,0.0,1.0,14.0,3.0,3.0,38.0,1.0,69.0,0.0,0.0,53.0,0.0,475.0,0.0,2.0,61.0,0.0,33.0,5.0,0.0,7.0,17.0,4.0,0.0,0.0,91.0,9.0,8.0,7.0,9.0,10.0,6.0,92.0,3.0,291.0,0.0,0.0,0.0,0.0,0.0,4.0,3.0,1.0,1.0,0.0,0.0,0.0,0.0,0.0,3.0,3.0,0.0,7.0,4.0,0.0,2.0,17.0,2.0,0.0,0.0,0.0,5.0,23.0,33.0,0.0,6.0,1.0,0.0,21.0,4.0,0.0,2.0,23.0,4.0,5.0,4.0,6.0,0.0,0.0,0.0,0.0,3.0,0.0,9.0,0.0,0.0,0.0,0.0,3.0,0.0,0.0,0.0,0.0,2.0,0.0,0.0,0.0,0.0,2.0,0.0,0.0,0.0,0.0,2.0,0.0,0.0,0.0,0.0,0.0,0.0,0.0,0.0,0.0,0.0,0.0,0.0,0.0,1.0,14.0,7.0,10.0,0.0,16.0,40.0,0.0,2.0,4.0,8.0,0.0,24.0,8.0,5.0,0.0,0.0,38.0,0.0,5.0,1.0,0.0,3.0,3.0,10.0,0.0,4.0,0.0,0.0,32.0,8.0,2.0,14.0,4.0,8.0,0.0,27.0,9.0,52.0,1152.0,2.0,5.0,0.0,0.0,18.0,4.0,0.0,4.0,1.0,1.0,0.0,0.0,21.0,8.0,114.0,0.0,2.0,0.0,12.0,0.0,103.0,1.0,0.0,17.0,4.0,2.0,0.0,0.0,0.0,0.0,53.0,200.0,0.0,8.0,0.0,1.0,66.0,82.0,1.0,87.0,0.0,123.0,0.0,11.0,0.0,2.0,111.0,0.0,8.0,7.0,0.0,0.0,0.0,4.0,57.0,8.0,5.0,4.0,3.0,29.0,2.0,1.0,6.0,9.0,0.0,0.0,27.0,22.0,0.0,36.0,0.0,0.0,10.0,13.0,39.0,37.0,0.0,4.0,21.0,1.0,5.0,4.0,1.0,8.0,3.0,20.0,2.0,469.0,0.0
Crenarchaeota,0.0,1.0,0.0,0.0,0.0,0.0,0.0,0.0,0.0,0.0,0.0,0.0,0.0,0.0,0.0,0.0,1.0,0.0,5.0,1.0,0.0,0.0,0.0,0.0,2.0,0.0,0.0,2.0,5.0,0.0,0.0,0.0,0.0,0.0,2.0,0.0,0.0,0.0,0.0,0.0,0.0,0.0,1.0,0.0,1.0,0.0,0.0,0.0,3.0,0.0,0.0,0.0,0.0,0.0,0.0,0.0,1.0,0.0,0.0,0.0,0.0,0.0,0.0,0.0,0.0,0.0,0.0,5.0,0.0,0.0,0.0,12.0,0.0,0.0,0.0,0.0,8.0,1.0,0.0,0.0,0.0,0.0,1.0,0.0,0.0,4.0,0.0,0.0,0.0,0.0,0.0,0.0,0.0,0.0,1.0,0.0,0.0,1.0,0.0,0.0,0.0,0.0,0.0,0.0,0.0,0.0,0.0,0.0,0.0,0.0,0.0,0.0,0.0,0.0,0.0,0.0,0.0,0.0,0.0,0.0,0.0,0.0,0.0,0.0,0.0,0.0,0.0,0.0,0.0,0.0,0.0,0.0,0.0,0.0,1.0,0.0,0.0,10.0,1.0,0.0,0.0,0.0,1.0,0.0,0.0,0.0,0.0,0.0,0.0,0.0,0.0,0.0,0.0,0.0,0.0,4.0,0.0,0.0,0.0,0.0,0.0,0.0,1.0,0.0,0.0,0.0,0.0,0.0,0.0,0.0,0.0,0.0,0.0,0.0,0.0,0.0,0.0,0.0,0.0,24.0,0.0,0.0,0.0,0.0,0.0,0.0,1.0,0.0,0.0,0.0,0.0,0.0,0.0,0.0,0.0,0.0,0.0,0.0,0.0,0.0,0.0,0.0,3.0,0.0,0.0,0.0,0.0,0.0,0.0,0.0,0.0,0.0,0.0,0.0,0.0,0.0,0.0,0.0,0.0,0.0,0.0,0.0,2.0,0.0,0.0,0.0,0.0,0.0,0.0,0.0,0.0,0.0,0.0,0.0,0.0,0.0,0.0,0.0,0.0,0.0,0.0,0.0,0.0,0.0,0.0,0.0,0.0,0.0,0.0,0.0,1.0,1.0,0.0,0.0,0.0,0.0,0.0,0.0,0.0,0.0,0.0,0.0,0.0,0.0,0.0,3.0,0.0,0.0,1.0,0.0,0.0,0.0,0.0,0.0,0.0,0.0,3.0,0.0,3.0,2.0,0.0,0.0,0.0,0.0,0.0,0.0,2.0,0.0,1.0,0.0,1.0,0.0,0.0,0.0,0.0,0.0,0.0,4.0,0.0,0.0,0.0,0.0,0.0,0.0,0.0,0.0,0.0,4.0,0.0,0.0,0.0,1.0,0.0,0.0,0.0,0.0,0.0,3.0,0.0,0.0,0.0,0.0,0.0,0.0,2.0,1.0,0.0,0.0,0.0,0.0,2.0,1.0,2.0,0.0,0.0,10.0,0.0,0.0,1.0,0.0,1.0,0.0,0.0,0.0,1.0,0.0,9.0,0.0,0.0,0.0,0.0,0.0,0.0,0.0,4.0,0.0,0.0,3.0,0.0,0.0,0.0,1.0,1.0,0.0,3.0,0.0,0.0,0.0,3.0,0.0,0.0,0.0,0.0,0.0,1.0,0.0
Cyanobacteria,0.0,1.0,0.0,9.0,0.0,3.0,1.0,0.0,56.0,0.0,20.0,1.0,4.0,6.0,1.0,3.0,6.0,4.0,693.0,3.0,5.0,52.0,1.0,4.0,667.0,2.0,10.0,2.0,55.0,10.0,3.0,9.0,17.0,4.0,3.0,2.0,1.0,6.0,47.0,2.0,166.0,1.0,9.0,14.0,4.0,3.0,0.0,2.0,1665.0,0.0,50.0,3.0,17.0,5.0,2.0,1.0,8.0,5.0,0.0,3.0,11.0,402.0,28.0,23.0,16.0,19.0,2.0,194.0,0.0,10.0,1.0,2452.0,4.0,13.0,0.0,14.0,31.0,480.0,1.0,0.0,5.0,2.0,20.0,3.0,1453.0,22.0,2.0,14.0,0.0,1.0,0.0,0.0,15.0,1.0,64.0,9.0,4.0,9.0,39.0,0.0,0.0,0.0,12.0,25.0,5.0,2.0,4.0,60.0,0.0,3.0,2.0,4.0,1.0,6.0,1.0,2.0,1.0,1.0,0.0,3.0,0.0,0.0,7.0,0.0,0.0,2.0,5.0,0.0,1.0,4.0,5.0,34.0,2.0,1.0,101.0,1.0,4.0,3022.0,29.0,3.0,1.0,226.0,71.0,3.0,6.0,11.0,5.0,68.0,23.0,9.0,1.0,15.0,7.0,7.0,5.0,7.0,0.0,55.0,171.0,2.0,5.0,38.0,4.0,8.0,114.0,6.0,0.0,0.0,0.0,0.0,0.0,0.0,3.0,2.0,0.0,0.0,4.0,5.0,19.0,28.0,12.0,2.0,36.0,0.0,9.0,3.0,15.0,4.0,3.0,13.0,5.0,0.0,9.0,33.0,49.0,4.0,16.0,1.0,23.0,2.0,1.0,0.0,35.0,16.0,29.0,3.0,2.0,30.0,5.0,1.0,4.0,11.0,0.0,9.0,0.0,0.0,0.0,0.0,1.0,2.0,0.0,0.0,0.0,0.0,0.0,0.0,0.0,0.0,1.0,0.0,0.0,0.0,0.0,2.0,0.0,0.0,0.0,0.0,0.0,0.0,1.0,0.0,0.0,0.0,0.0,0.0,0.0,0.0,0.0,3.0,3.0,2.0,1.0,10.0,2.0,0.0,6.0,6.0,0.0,15.0,2.0,1.0,4.0,2.0,17.0,3.0,1.0,1.0,1.0,1.0,6.0,78.0,2.0,1.0,0.0,0.0,419.0,12.0,34.0,5.0,9.0,0.0,5.0,89.0,22.0,365.0,68.0,1.0,4.0,1.0,85.0,4.0,2.0,1.0,3.0,2.0,4.0,2.0,1.0,1.0,0.0,0.0,44.0,2.0,3.0,33.0,10.0,414.0,16.0,6.0,4.0,39.0,1.0,2.0,2.0,2.0,1.0,104.0,18.0,2.0,24.0,16.0,0.0,0.0,18.0,0.0,7.0,18.0,7.0,3.0,16.0,4.0,5.0,3.0,3.0,30.0,85.0,5.0,10.0,5.0,67.0,8.0,10.0,0.0,38.0,2.0,529.0,6.0,1.0,2.0,26.0,69.0,5.0,4.0,40.0,0.0,1.0,4.0,1.0,4.0,6.0,32.0,90.0,5.0,24.0,134.0,3.0,0.0,8.0,1.0,5.0,0.0,3.0,2.0,84.0,0.0
Deferribacteres,0.0,0.0,0.0,0.0,0.0,0.0,1.0,0.0,6.0,0.0,0.0,1.0,0.0,0.0,0.0,0.0,0.0,0.0,1.0,6.0,1.0,0.0,0.0,0.0,0.0,0.0,5.0,0.0,9.0,0.0,0.0,0.0,0.0,0.0,2.0,0.0,0.0,1.0,14.0,0.0,21.0,0.0,1.0,0.0,1.0,0.0,0.0,0.0,0.0,0.0,3.0,0.0,0.0,0.0,0.0,0.0,0.0,0.0,0.0,4.0,0.0,1.0,10.0,0.0,1.0,3.0,0.0,0.0,0.0,2.0,0.0,1.0,0.0,0.0,0.0,1.0,2.0,0.0,0.0,0.0,2.0,0.0,2.0,0.0,5.0,14.0,0.0,0.0,1.0,0.0,0.0,0.0,0.0,0.0,7.0,0.0,0.0,0.0,12.0,0.0,0.0,0.0,1.0,6.0,4.0,0.0,0.0,0.0,0.0,3.0,0.0,0.0,1.0,0.0,0.0,0.0,0.0,0.0,0.0,0.0,0.0,0.0,0.0,0.0,0.0,0.0,0.0,0.0,0.0,0.0,0.0,1.0,0.0,0.0,14.0,0.0,1.0,0.0,0.0,0.0,0.0,0.0,9.0,0.0,1.0,3.0,0.0,0.0,0.0,1.0,0.0,1.0,0.0,0.0,0.0,2.0,0.0,0.0,0.0,5.0,0.0,0.0,0.0,0.0,9.0,0.0,0.0,0.0,0.0,0.0,0.0,1.0,0.0,0.0,0.0,0.0,0.0,0.0,0.0,0.0,0.0,0.0,0.0,0.0,0.0,0.0,1.0,0.0,0.0,0.0,0.0,0.0,13.0,3.0,0.0,0.0,0.0,0.0,4.0,0.0,4.0,0.0,0.0,0.0,0.0,0.0,2.0,0.0,0.0,0.0,0.0,0.0,0.0,0.0,0.0,0.0,0.0,0.0,0.0,0.0,0.0,0.0,0.0,0.0,0.0,0.0,0.0,0.0,0.0,0.0,0.0,0.0,0.0,0.0,0.0,0.0,0.0,0.0,0.0,0.0,0.0,0.0,0.0,0.0,0.0,0.0,0.0,0.0,0.0,1.0,0.0,0.0,0.0,0.0,0.0,0.0,0.0,0.0,0.0,1.0,0.0,2.0,0.0,0.0,4.0,0.0,0.0,0.0,0.0,0.0,0.0,2.0,0.0,0.0,0.0,0.0,0.0,0.0,0.0,1.0,0.0,0.0,0.0,0.0,0.0,2.0,12.0,0.0,0.0,1.0,0.0,0.0,0.0,0.0,0.0,0.0,0.0,0.0,0.0,0.0,0.0,3.0,0.0,0.0,0.0,5.0,0.0,5.0,0.0,2.0,0.0,4.0,0.0,0.0,0.0,0.0,0.0,0.0,9.0,0.0,0.0,0.0,0.0,0.0,1.0,0.0,1.0,0.0,4.0,0.0,3.0,0.0,0.0,0.0,0.0,8.0,0.0,0.0,0.0,0.0,0.0,0.0,2.0,0.0,0.0,0.0,1.0,0.0,0.0,1.0,0.0,0.0,0.0,0.0,4.0,0.0,0.0,0.0,0.0,0.0,0.0,1.0,0.0,1.0,1.0,3.0,0.0,0.0,0.0,0.0,1.0,0.0,0.0,0.0,8.0,0.0
Deinococcus-Thermus,0.0,0.0,0.0,0.0,0.0,0.0,0.0,0.0,0.0,0.0,2.0,0.0,0.0,0.0,1.0,0.0,0.0,0.0,0.0,0.0,0.0,0.0,0.0,0.0,1.0,0.0,0.0,6.0,5.0,0.0,0.0,0.0,0.0,0.0,0.0,0.0,0.0,1.0,1.0,0.0,2.0,0.0,0.0,0.0,0.0,2.0,0.0,0.0,1.0,0.0,0.0,0.0,0.0,0.0,0.0,0.0,0.0,0.0,0.0,0.0,0.0,0.0,0.0,0.0,0.0,0.0,0.0,0.0,0.0,0.0,0.0,0.0,0.0,0.0,0.0,0.0,0.0,22.0,0.0,0.0,2.0,0.0,0.0,0.0,47.0,7.0,0.0,0.0,0.0,0.0,0.0,0.0,0.0,0.0,1.0,0.0,0.0,0.0,0.0,0.0,2.0,0.0,0.0,1.0,0.0,0.0,0.0,0.0,0.0,2.0,0.0,0.0,0.0,0.0,0.0,1.0,0.0,0.0,0.0,0.0,0.0,0.0,0.0,0.0,0.0,0.0,0.0,0.0,1.0,0.0,0.0,0.0,0.0,0.0,0.0,0.0,0.0,4.0,116.0,0.0,0.0,0.0,6.0,0.0,0.0,1.0,0.0,1.0,0.0,0.0,0.0,0.0,0.0,0.0,0.0,0.0,0.0,0.0,0.0,0.0,0.0,0.0,0.0,25.0,0.0,0.0,0.0,0.0,0.0,0.0,0.0,0.0,0.0,0.0,0.0,1.0,0.0,0.0,0.0,0.0,0.0,0.0,0.0,0.0,0.0,0.0,0.0,0.0,0.0,0.0,2.0,0.0,3.0,0.0,0.0,0.0,0.0,0.0,2.0,0.0,3.0,0.0,0.0,0.0,0.0,11.0,0.0,0.0,0.0,0.0,0.0,0.0,0.0,0.0,0.0,0.0,0.0,0.0,0.0,0.0,0.0,0.0,0.0,0.0,0.0,0.0,0.0,0.0,0.0,0.0,0.0,1.0,0.0,0.0,0.0,0.0,0.0,0.0,0.0,0.0,0.0,0.0,0.0,0.0,0.0,0.0,0.0,0.0,0.0,0.0,0.0,0.0,0.0,0.0,0.0,0.0,0.0,0.0,0.0,0.0,0.0,0.0,0.0,0.0,5.0,0.0,0.0,0.0,0.0,0.0,0.0,1.0,2.0,0.0,0.0,0.0,0.0,2.0,4.0,0.0,0.0,0.0,0.0,0.0,0.0,0.0,0.0,0.0,0.0,0.0,0.0,0.0,0.0,0.0,0.0,0.0,0.0,0.0,0.0,0.0,0.0,0.0,1.0,0.0,0.0,0.0,0.0,1.0,0.0,2.0,52.0,0.0,0.0,0.0,0.0,0.0,0.0,4.0,2.0,0.0,3.0,12.0,0.0,0.0,0.0,0.0,0.0,0.0,0.0,0.0,41.0,0.0,0.0,0.0,0.0,0.0,4.0,0.0,0.0,0.0,7.0,0.0,0.0,0.0,0.0,0.0,2.0,1.0,0.0,0.0,53.0,0.0,0.0,0.0,5.0,0.0,0.0,0.0,0.0,0.0,0.0,239.0,0.0,0.0,0.0,7.0,1.0,0.0,0.0,0.0,1.0,0.0,2.0,0.0,0.0,0.0
Elusimicrobia,0.0,0.0,0.0,0.0,0.0,0.0,0.0,0.0,1.0,0.0,0.0,13.0,0.0,0.0,0.0,0.0,0.0,0.0,0.0,0.0,0.0,0.0,0.0,0.0,0.0,0.0,0.0,0.0,0.0,0.0,0.0,0.0,0.0,0.0,0.0,0.0,0.0,0.0,0.0,0.0,0.0,0.0,0.0,0.0,0.0,0.0,0.0,0.0,0.0,0.0,0.0,0.0,0.0,0.0,0.0,0.0,0.0,0.0,0.0,0.0,0.0,0.0,0.0,0.0,0.0,0.0,0.0,0.0,0.0,0.0,0.0,0.0,0.0,0.0,0.0,0.0,0.0,0.0,0.0,0.0,0.0,0.0,0.0,0.0,0.0,0.0,0.0,0.0,0.0,0.0,0.0,0.0,0.0,0.0,0.0,0.0,0.0,0.0,0.0,0.0,0.0,0.0,0.0,0.0,0.0,0.0,0.0,102.0,0.0,0.0,0.0,0.0,0.0,0.0,0.0,0.0,0.0,0.0,0.0,0.0,0.0,0.0,0.0,0.0,0.0,0.0,0.0,0.0,0.0,0.0,0.0,0.0,0.0,0.0,2.0,0.0,0.0,0.0,0.0,0.0,0.0,0.0,0.0,0.0,0.0,0.0,0.0,0.0,0.0,0.0,0.0,0.0,0.0,0.0,0.0,0.0,0.0,0.0,0.0,1.0,0.0,0.0,0.0,0.0,0.0,0.0,0.0,0.0,0.0,0.0,0.0,0.0,0.0,0.0,0.0,0.0,0.0,0.0,0.0,0.0,0.0,0.0,0.0,0.0,0.0,0.0,0.0,0.0,0.0,0.0,0.0,0.0,0.0,0.0,0.0,0.0,0.0,0.0,0.0,2.0,0.0,0.0,0.0,0.0,0.0,0.0,0.0,0.0,0.0,0.0,0.0,0.0,0.0,0.0,0.0,0.0,0.0,0.0,0.0,0.0,0.0,0.0,0.0,0.0,0.0,0.0,0.0,0.0,0.0,0.0,0.0,0.0,0.0,0.0,0.0,0.0,0.0,0.0,0.0,0.0,0.0,0.0,0.0,0.0,0.0,0.0,0.0,0.0,0.0,0.0,0.0,0.0,0.0,0.0,0.0,0.0,0.0,0.0,0.0,0.0,0.0,0.0,0.0,5.0,0.0,0.0,0.0,0.0,0.0,0.0,0.0,0.0,0.0,0.0,0.0,0.0,0.0,0.0,0.0,0.0,0.0,0.0,0.0,0.0,1.0,0.0,11.0,0.0,0.0,0.0,0.0,0.0,0.0,0.0,0.0,0.0,0.0,0.0,0.0,0.0,0.0,0.0,0.0,0.0,0.0,0.0,0.0,0.0,0.0,0.0,0.0,2.0,0.0,0.0,0.0,0.0,0.0,0.0,0.0,0.0,0.0,0.0,0.0,0.0,1.0,0.0,0.0,0.0,0.0,0.0,0.0,0.0,0.0,0.0,0.0,0.0,0.0,0.0,0.0,0.0,0.0,0.0,0.0,0.0,0.0,0.0,0.0,0.0,0.0,0.0,0.0,0.0,0.0,0.0,0.0,0.0,0.0,0.0,0.0,0.0,0.0,0.0,0.0,0.0,0.0,0.0,0.0,0.0,0.0,0.0,0.0,0.0,0.0,0.0,0.0,0.0
Euryarchaeota,6100.0,8.0,6456.0,23660.0,0.0,0.0,4790.0,0.0,45.0,0.0,168.0,4.0,26829.0,314.0,7113.0,10.0,3505.0,3.0,9194.0,168.0,23922.0,129.0,0.0,320.0,156.0,6194.0,120591.0,80.0,33464.0,1.0,2987.0,18548.0,21.0,193.0,0.0,18821.0,12117.0,9578.0,38.0,15.0,1356.0,4.0,12.0,620.0,21.0,0.0,87.0,2152.0,5420.0,1.0,6306.0,45.0,3982.0,341.0,12.0,9.0,2927.0,54254.0,0.0,19706.0,22.0,461.0,21.0,48.0,7283.0,227.0,484.0,41.0,56.0,7.0,1374.0,1986.0,27.0,3.0,1800.0,24.0,21596.0,2767.0,22604.0,11.0,6.0,432.0,1655829.0,0.0,67205.0,66395.0,949.0,30.0,11191.0,6.0,6.0,3724.0,0.0,11156.0,235317.0,8.0,3769.0,139.0,481.0,0.0,5.0,84.0,1.0,17.0,235.0,0.0,1649.0,2263.0,33.0,84.0,185.0,6.0,10150.0,0.0,0.0,15.0,62.0,478.0,0.0,6.0,2.0,25345.0,6576.0,0.0,34.0,216.0,0.0,64930.0,1158.0,15321.0,1075.0,357.0,870.0,1478.0,51.0,83.0,24.0,1305.0,134.0,0.0,40638.0,25679.0,116.0,6.0,17012.0,246938.0,0.0,52464.0,21.0,4283.0,2244.0,154.0,13.0,888.0,210.0,1020.0,36.0,22.0,151.0,85.0,1.0,560.0,750.0,24.0,97573.0,13819.0,3559.0,2093.0,94.0,68.0,2890.0,7215.0,7.0,0.0,0.0,0.0,365.0,2285.0,490.0,3873.0,314.0,20.0,41.0,6.0,2371.0,1939.0,85.0,0.0,53.0,678.0,4.0,1095.0,134063.0,15978.0,7.0,319.0,1348.0,0.0,15213.0,2104.0,6208.0,1.0,41.0,1788.0,182.0,36.0,4463.0,14.0,1845.0,150.0,78.0,240.0,187.0,189.0,434.0,6.0,1.0,0.0,104.0,38.0,6.0,0.0,101.0,21.0,90.0,0.0,0.0,2.0,1932.0,9.0,88.0,8.0,5.0,557.0,2.0,17.0,13.0,9.0,3.0,7.0,121.0,0.0,0.0,0.0,0.0,0.0,0.0,1.0,3646.0,14.0,49.0,2490.0,12042.0,4.0,558.0,546.0,0.0,1254.0,1.0,6560.0,0.0,29246.0,3160.0,2.0,3184.0,0.0,22347.0,113895.0,257.0,27616.0,20.0,97.0,20.0,1506.0,9.0,1.0,4407.0,6.0,16.0,20733.0,7.0,7.0,6.0,21.0,3.0,337.0,3202.0,8.0,21.0,41.0,19164.0,1.0,7250.0,370.0,695.0,0.0,1462.0,4356.0,17.0,734.0,3.0,11363.0,76.0,2.0,0.0,152073.0,22.0,322.0,19450.0,23281.0,126.0,81.0,13.0,4282.0,9562.0,8.0,6.0,656513.0,65440.0,1112.0,13.0,7447.0,343.0,13.0,11.0,15.0,42.0,2041.0,14.0,230.0,55.0,983.0,9.0,6.0,2.0,194707.0,48.0,13.0,3.0,3.0,55.0,88.0,3777.0,254.0,34.0,1993.0,264.0,312.0,1099.0,3.0,22.0,5836.0,6.0,2.0,496.0,14301.0,0.0,1933.0,6898.0,4046.0,134.0,110.0,1947.0,7.0,110.0,141.0,12435.0,8773.0,2.0,3.0,8.0,17.0,30.0,15.0,1267.0,0.0
Firmicutes,647426.0,1113055.0,685372.0,3150382.0,877603.0,1300357.0,1133551.0,821883.0,3646911.0,1073955.0,1228304.0,1650568.0,1659619.0,1225488.0,2062453.0,1182302.0,750408.0,1915481.0,2971551.0,5889321.0,2868578.0,1284762.0,719274.0,812253.0,1466408.0,904950.0,16381198.0,598876.0,26644496.0,1598016.0,1002494.0,1587938.0,7274232.0,703457.0,4302614.0,1456683.0,2033692.0,1271188.0,25765961.0,1228694.0,48458876.0,508274.0,3478581.0,1711736.0,3607802.0,1094819.0,664422.0,851482.0,917201.0,6100.0,8356827.0,1431174.0,746303.0,847925.0,157461.0,1797411.0,1466559.0,1084459.0,666051.0,2273812.0,537264.0,12882376.0,23521661.0,5721505.0,4017434.0,10421536.0,1023370.0,7453147.0,1299752.0,10198837.0,940181.0,3629495.0,978445.0,3312631.0,384734.0,2444134.0,4723882.0,695303.0,874476.0,906171.0,5264580.0,1216629.0,13395422.0,435550.0,10623268.0,12511011.0,885232.0,4280525.0,1143054.0,421713.0,1202490.0,842950.0,2852096.0,819869.0,14674188.0,1999239.0,1299995.0,2327956.0,15812221.0,302831.0,379756.0,584754.0,2459152.0,13852137.0,16161663.0,534432.0,810327.0,1761539.0,599947.0,3750329.0,715861.0,890575.0,1667349.0,1174509.0,889717.0,2752107.0,2272799.0,519254.0,313391.0,465614.0,393330.0,1593280.0,1076108.0,947429.0,318684.0,580208.0,337847.0,706979.0,2717092.0,1692032.0,1800119.0,5394396.0,1044760.0,508853.0,17539181.0,875245.0,1294510.0,35279200.0,4141031.0,1165023.0,1200799.0,625139.0,36175706.0,1592566.0,823556.0,11832862.0,1451133.0,1441334.0,1109695.0,1593624.0,862972.0,1887411.0,274125.0,1515073.0,1274655.0,6570046.0,904165.0,1094990.0,1279608.0,2643093.0,1592515.0,12787146.0,1143391.0,2387253.0,12251467.0,1645935.0,522681.0,587093.0,672180.0,395672.0,1128146.0,1072659.0,1204207.0,405399.0,416223.0,1426365.0,598175.0,1027394.0,577793.0,453940.0,710759.0,746749.0,718812.0,284849.0,843565.0,893182.0,3546992.0,460756.0,4121456.0,781950.0,1168483.0,875852.0,14370919.0,12061753.0,676222.0,974395.0,1059607.0,616517.0,7285642.0,613718.0,1548073.0,482326.0,451936.0,10089314.0,1443229.0,746015.0,1725394.0,1193804.0,699754.0,305342.0,182695.0,533947.0,214461.0,492490.0,83374.0,57918.0,3049.0,281.0,52070.0,6916.0,260.0,212.0,115998.0,97035.0,243968.0,185.0,10841.0,291.0,22114.0,40781.0,11437.0,4342.0,2228.0,164024.0,8540.0,5007.0,3591.0,518.0,1707.0,5243.0,32645.0,951.0,74.0,97.0,230.0,232.0,38.0,2396.0,437083.0,800373.0,1171334.0,561834.0,451038.0,464775.0,762302.0,565135.0,1414488.0,1062778.0,600293.0,6404812.0,855064.0,1749029.0,425793.0,1077637.0,10392262.0,672968.0,1147361.0,572236.0,1468704.0,1672136.0,1524218.0,22062030.0,684903.0,587189.0,387052.0,314043.0,1349649.0,411008.0,4903843.0,2319812.0,1110431.0,916030.0,722762.0,393239.0,5294608.0,22771778.0,35313249.0,1021335.0,219890.0,1784307.0,1345148.0,687502.0,1296453.0,435128.0,685867.0,1347662.0,1748235.0,1259524.0,780215.0,1512252.0,701311.0,2103941.0,1319891.0,976374.0,893382.0,15906627.0,800402.0,9228932.0,2011369.0,2310335.0,5291506.0,24305928.0,950194.0,774418.0,1771036.0,1300719.0,369363.0,24899388.0,17480077.0,440677.0,3176065.0,939986.0,757741.0,821992.0,1952098.0,732651.0,938479.0,1004823.0,6379596.0,374093.0,4501017.0,774667.0,617468.0,2064339.0,428960.0,7508277.0,891738.0,25211.0,687447.0,462515.0,6701329.0,1758347.0,1380822.0,966628.0,705058.0,788069.0,3608052.0,993675.0,516656.0,1402701.0,995404.0,630296.0,988483.0,1114264.0,23975745.0,565273.0,752439.0,450820.0,1027029.0,798933.0,10789231.0,10216195.0,589352.0,3033891.0,11436041.0,27730797.0,1219877.0,926921.0,517226.0,599550.0,2095127.0,707212.0,3223603.0,699413.0,35738632.0,7.0
Fusobacteria,15.0,9.0,2.0,281.0,1.0,9.0,4.0,0.0,1993.0,1.0,63.0,2.0,4.0,14.0,0.0,2.0,6.0,11.0,223.0,30.0,58.0,72.0,8.0,15.0,336.0,6.0,71.0,10.0,89.0,3.0,0.0,16.0,860.0,61.0,62.0,0.0,26.0,8.0,249.0,30.0,1489.0,0.0,8.0,5.0,32.0,97.0,1.0,6.0,207.0,0.0,51.0,0.0,4.0,10.0,1.0,1.0,19.0,24.0,0.0,150.0,244.0,4163.0,2295.0,10.0,23.0,235.0,6.0,5.0,1.0,12.0,33.0,1731.0,25.0,28.0,2.0,77.0,33.0,418.0,6.0,2.0,360.0,6.0,67.0,19.0,431.0,146.0,11.0,68.0,56.0,0.0,6.0,1.0,10.0,80.0,75.0,3469.0,10.0,200.0,26.0,3.0,3.0,7.0,4.0,9474.0,63.0,0.0,26.0,392.0,6.0,24.0,15.0,20.0,2.0,7.0,6.0,5.0,9.0,0.0,0.0,5.0,1.0,1349.0,36.0,7.0,1.0,38.0,36.0,94.0,16.0,11.0,12.0,34.0,0.0,16.0,996.0,1.0,4.0,2278.0,112.0,156.0,311.0,404.0,209.0,3.0,28.0,27.0,2.0,415.0,32.0,1.0,2.0,61.0,432.0,8.0,0.0,44.0,34.0,1521.0,402.0,9.0,2.0,139.0,1.0,10.0,164.0,7.0,2.0,2.0,2.0,0.0,23.0,18.0,6.0,0.0,8.0,3.0,1.0,11.0,11.0,17.0,4.0,1.0,303.0,270.0,12.0,1.0,64.0,11.0,305.0,19.0,259.0,4.0,72.0,263.0,5.0,1.0,2.0,371.0,20.0,0.0,0.0,4.0,39.0,288.0,47.0,194.0,2.0,26.0,1.0,62.0,15.0,90.0,17.0,44.0,0.0,3.0,0.0,0.0,5.0,3.0,0.0,0.0,0.0,2.0,3.0,0.0,0.0,0.0,1.0,0.0,4.0,0.0,7.0,4.0,0.0,0.0,0.0,2.0,0.0,0.0,0.0,2.0,0.0,0.0,0.0,0.0,0.0,3.0,11.0,19.0,4.0,2.0,2.0,88.0,13.0,1.0,5.0,143.0,0.0,273.0,779.0,6.0,4.0,20.0,1098.0,0.0,5.0,60.0,16.0,55.0,15.0,349.0,2.0,21.0,13.0,2.0,203.0,48.0,2696.0,20.0,21.0,41.0,0.0,19.0,90.0,585.0,1626.0,19.0,13.0,22.0,20.0,38.0,16.0,0.0,2.0,17.0,2.0,37.0,21.0,272.0,0.0,26.0,84.0,2340.0,1.0,169.0,81.0,621.0,1489.0,60.0,6894.0,20.0,15.0,1.0,11.0,2.0,59.0,8277.0,70.0,17.0,1396.0,43.0,5.0,6.0,18.0,814.0,49.0,59.0,127.0,12.0,292.0,54.0,40.0,0.0,4.0,11651.0,106.0,3.0,4.0,1.0,145.0,27.0,1140.0,49.0,39.0,12.0,3231.0,8.0,5.0,0.0,90.0,181.0,29.0,3.0,196.0,8.0,1.0,7.0,17.0,44.0,559.0,58.0,176.0,30.0,1835.0,5182.0,63.0,12.0,17.0,10387.0,20.0,1.0,6.0,3.0,93.0,0.0
Gemmatimonadetes,0.0,0.0,0.0,0.0,0.0,0.0,0.0,0.0,0.0,0.0,0.0,0.0,0.0,0.0,0.0,0.0,0.0,0.0,0.0,0.0,0.0,0.0,0.0,0.0,0.0,0.0,0.0,0.0,0.0,0.0,0.0,0.0,0.0,0.0,0.0,0.0,0.0,0.0,0.0,0.0,0.0,0.0,0.0,0.0,0.0,0.0,0.0,0.0,0.0,0.0,0.0,0.0,0.0,0.0,0.0,0.0,0.0,0.0,0.0,0.0,0.0,0.0,0.0,0.0,0.0,0.0,0.0,0.0,0.0,0.0,0.0,0.0,0.0,0.0,0.0,0.0,0.0,0.0,0.0,0.0,0.0,0.0,0.0,0.0,0.0,0.0,0.0,0.0,0.0,0.0,0.0,0.0,0.0,0.0,0.0,0.0,0.0,0.0,0.0,0.0,0.0,0.0,0.0,0.0,0.0,0.0,0.0,0.0,0.0,0.0,0.0,0.0,0.0,0.0,0.0,0.0,0.0,0.0,0.0,0.0,0.0,0.0,0.0,0.0,0.0,0.0,0.0,0.0,0.0,0.0,0.0,0.0,0.0,0.0,0.0,0.0,0.0,0.0,0.0,0.0,0.0,0.0,0.0,0.0,0.0,0.0,0.0,0.0,0.0,0.0,0.0,0.0,0.0,0.0,0.0,0.0,0.0,0.0,0.0,0.0,0.0,0.0,0.0,0.0,0.0,0.0,0.0,0.0,0.0,0.0,0.0,0.0,0.0,0.0,0.0,0.0,0.0,0.0,0.0,0.0,0.0,0.0,0.0,0.0,0.0,0.0,0.0,0.0,0.0,0.0,0.0,0.0,0.0,0.0,0.0,0.0,0.0,0.0,0.0,0.0,0.0,0.0,0.0,0.0,0.0,0.0,0.0,0.0,0.0,0.0,0.0,0.0,0.0,0.0,0.0,0.0,0.0,0.0,0.0,0.0,0.0,0.0,0.0,0.0,0.0,0.0,0.0,0.0,0.0,0.0,0.0,0.0,0.0,0.0,0.0,0.0,0.0,0.0,0.0,0.0,0.0,0.0,0.0,0.0,0.0,0.0,0.0,0.0,0.0,0.0,0.0,0.0,0.0,0.0,0.0,0.0,0.0,0.0,0.0,0.0,0.0,0.0,0.0,0.0,0.0,0.0,0.0,0.0,0.0,0.0,0.0,0.0,0.0,0.0,0.0,0.0,0.0,0.0,2.0,0.0,0.0,0.0,0.0,0.0,0.0,0.0,0.0,0.0,0.0,0.0,0.0,0.0,0.0,0.0,0.0,0.0,0.0,0.0,0.0,0.0,0.0,0.0,0.0,0.0,0.0,0.0,0.0,0.0,0.0,0.0,0.0,0.0,0.0,0.0,0.0,0.0,0.0,0.0,0.0,0.0,0.0,0.0,0.0,0.0,0.0,0.0,0.0,0.0,0.0,0.0,0.0,0.0,0.0,0.0,0.0,0.0,0.0,0.0,0.0,0.0,0.0,0.0,0.0,0.0,0.0,0.0,0.0,0.0,0.0,0.0,0.0,0.0,0.0,0.0,0.0,0.0,0.0,0.0,0.0,0.0,0.0,0.0,0.0,0.0,0.0,0.0,0.0,0.0,0.0,0.0,0.0,0.0,0.0,0.0,0.0,0.0
Lentisphaerae,0.0,1.0,3.0,6.0,0.0,0.0,3.0,0.0,0.0,0.0,0.0,7.0,0.0,0.0,0.0,0.0,1.0,0.0,3.0,20.0,0.0,0.0,0.0,0.0,0.0,8.0,1.0,0.0,8.0,0.0,3.0,0.0,11.0,0.0,9.0,1.0,0.0,0.0,11.0,1.0,3.0,0.0,0.0,2.0,1.0,6.0,0.0,0.0,0.0,0.0,1.0,0.0,0.0,0.0,0.0,2.0,3.0,0.0,0.0,1.0,0.0,12.0,0.0,0.0,6.0,0.0,0.0,12.0,0.0,1.0,0.0,7.0,0.0,0.0,0.0,0.0,0.0,2.0,0.0,0.0,0.0,0.0,22.0,0.0,1.0,14.0,0.0,5.0,1.0,1.0,2.0,0.0,0.0,1.0,20.0,2.0,1.0,6.0,2.0,0.0,0.0,1.0,0.0,0.0,18.0,0.0,2.0,3.0,0.0,1.0,0.0,0.0,2.0,1.0,0.0,1.0,0.0,0.0,0.0,0.0,0.0,0.0,1.0,0.0,1.0,0.0,0.0,0.0,1.0,0.0,0.0,0.0,0.0,3.0,0.0,1.0,1.0,23.0,0.0,0.0,0.0,0.0,0.0,0.0,1.0,3.0,0.0,0.0,0.0,0.0,0.0,0.0,0.0,0.0,0.0,1.0,0.0,0.0,0.0,1.0,0.0,0.0,2.0,3.0,3.0,1.0,0.0,0.0,1.0,0.0,0.0,4.0,0.0,0.0,1.0,0.0,0.0,0.0,0.0,2.0,0.0,1.0,0.0,1.0,0.0,0.0,2.0,0.0,4.0,0.0,0.0,0.0,9.0,0.0,1.0,0.0,2.0,0.0,6.0,1.0,0.0,2.0,0.0,0.0,1.0,0.0,0.0,0.0,0.0,0.0,0.0,0.0,0.0,0.0,0.0,0.0,0.0,0.0,0.0,0.0,0.0,0.0,0.0,0.0,0.0,0.0,0.0,0.0,0.0,0.0,0.0,0.0,0.0,0.0,0.0,0.0,0.0,0.0,0.0,0.0,0.0,0.0,0.0,0.0,0.0,0.0,0.0,0.0,2.0,0.0,0.0,7.0,1.0,0.0,0.0,0.0,0.0,0.0,0.0,2.0,0.0,1.0,1.0,0.0,1.0,0.0,1.0,1.0,0.0,0.0,1.0,2.0,1.0,0.0,0.0,0.0,0.0,2.0,0.0,2.0,0.0,0.0,0.0,0.0,0.0,0.0,0.0,0.0,2.0,6.0,7.0,1.0,1.0,0.0,0.0,1.0,0.0,0.0,0.0,0.0,0.0,4.0,1.0,1.0,0.0,25.0,0.0,9.0,8.0,1.0,0.0,0.0,0.0,0.0,0.0,0.0,4.0,16.0,46.0,2.0,0.0,0.0,1.0,0.0,3.0,0.0,0.0,0.0,2.0,0.0,1.0,7.0,0.0,1.0,0.0,1.0,1.0,0.0,2.0,0.0,1.0,0.0,1.0,0.0,1.0,0.0,14.0,0.0,0.0,2.0,0.0,0.0,0.0,0.0,0.0,0.0,0.0,0.0,0.0,0.0,0.0,3.0,0.0,0.0,25.0,0.0,0.0,0.0,0.0,0.0,1.0,5.0,1.0,3.0,5.0,0.0
Planctomycetes,4.0,19.0,6.0,50.0,14.0,18.0,24.0,19.0,81.0,5.0,19.0,23.0,16.0,9.0,30.0,22.0,7.0,21.0,64.0,69.0,34.0,29.0,10.0,7.0,49.0,13.0,61.0,9.0,377.0,42.0,28.0,39.0,53.0,18.0,47.0,6.0,10.0,24.0,345.0,16.0,532.0,22.0,35.0,27.0,20.0,14.0,12.0,18.0,125.0,0.0,196.0,38.0,12.0,12.0,4.0,22.0,30.0,22.0,16.0,13.0,8.0,212.0,310.0,63.0,69.0,126.0,22.0,53.0,14.0,115.0,24.0,637.0,2.0,27.0,10.0,17.0,63.0,46.0,6.0,6.0,68.0,32.0,96.0,5.0,149.0,191.0,23.0,65.0,3.0,16.0,14.0,18.0,30.0,16.0,232.0,61.0,14.0,60.0,173.0,2.0,5.0,3.0,57.0,178.0,71.0,17.0,18.0,25.0,10.0,60.0,8.0,14.0,49.0,12.0,8.0,39.0,28.0,14.0,6.0,6.0,5.0,20.0,6.0,10.0,10.0,12.0,6.0,8.0,14.0,19.0,32.0,31.0,17.0,16.0,347.0,36.0,22.0,448.0,60.0,12.0,12.0,27.0,262.0,13.0,19.0,114.0,18.0,17.0,4.0,5.0,10.0,36.0,4.0,20.0,38.0,38.0,6.0,21.0,71.0,68.0,23.0,100.0,30.0,26.0,180.0,19.0,6.0,11.0,6.0,6.0,8.0,28.0,20.0,8.0,3.0,10.0,6.0,12.0,13.0,21.0,22.0,8.0,19.0,9.0,15.0,16.0,57.0,8.0,74.0,11.0,7.0,12.0,136.0,253.0,11.0,19.0,18.0,14.0,113.0,15.0,44.0,12.0,22.0,125.0,18.0,13.0,12.0,14.0,4.0,6.0,2.0,6.0,2.0,4.0,4.0,0.0,0.0,0.0,0.0,0.0,0.0,0.0,0.0,2.0,3.0,0.0,0.0,0.0,0.0,0.0,0.0,0.0,0.0,1.0,0.0,0.0,0.0,0.0,0.0,1.0,1.0,0.0,0.0,0.0,0.0,0.0,0.0,1.0,14.0,4.0,14.0,13.0,5.0,17.0,4.0,8.0,18.0,24.0,30.0,40.0,15.0,24.0,25.0,16.0,171.0,19.0,15.0,18.0,10.0,28.0,26.0,427.0,16.0,17.0,13.0,4.0,41.0,10.0,86.0,21.0,12.0,10.0,10.0,12.0,45.0,263.0,312.0,28.0,3.0,15.0,17.0,6.0,6.0,10.0,12.0,10.0,47.0,31.0,21.0,22.0,8.0,20.0,41.0,17.0,14.0,173.0,18.0,188.0,28.0,57.0,38.0,247.0,11.0,12.0,26.0,21.0,13.0,216.0,144.0,19.0,40.0,16.0,13.0,14.0,63.0,15.0,35.0,26.0,56.0,14.0,34.0,14.0,6.0,16.0,6.0,62.0,24.0,0.0,3.0,8.0,215.0,20.0,26.0,10.0,16.0,11.0,92.0,10.0,4.0,8.0,17.0,48.0,14.0,10.0,547.0,15.0,15.0,16.0,13.0,13.0,167.0,112.0,31.0,16.0,232.0,280.0,15.0,10.0,28.0,4.0,19.0,21.0,45.0,6.0,230.0,0.0
Proteobacteria,3724.0,15586.0,30874.0,187067.0,74039.0,38130.0,19283.0,48236.0,3417079.0,6113.0,167062.0,57690.0,6143.0,20477.0,5117.0,34638.0,7721.0,70834.0,1479497.0,548381.0,13674.0,414264.0,31445.0,24724.0,1272305.0,25687.0,309742.0,31124.0,373737.0,27358.0,29171.0,73646.0,222506.0,26324.0,42167.0,4462.0,31493.0,57295.0,356462.0,3795.0,903540.0,13454.0,59977.0,74075.0,94495.0,49495.0,11438.0,97282.0,1638566.0,546.0,211276.0,39174.0,22608.0,11251.0,30170.0,69834.0,248939.0,107545.0,23069.0,246871.0,348357.0,5716893.0,1082328.0,36794.0,116180.0,73296.0,51373.0,247863.0,11333.0,788146.0,27518.0,13470063.0,11118.0,58900.0,6010.0,17640.0,355844.0,1702926.0,7278.0,19645.0,74968.0,27068.0,186230.0,4702.0,1769181.0,226620.0,11420.0,36174.0,27377.0,7047.0,17943.0,30075.0,110146.0,113359.0,233874.0,201380.0,34686.0,309882.0,144383.0,14452.0,9030.0,4253.0,107492.0,486199.0,176833.0,25159.0,40215.0,501436.0,6759.0,57917.0,24283.0,90886.0,26314.0,46863.0,22441.0,92606.0,93699.0,26149.0,15417.0,1267.0,5881.0,1933724.0,15976.0,23684.0,16484.0,18050.0,37502.0,5081.0,6376.0,12588.0,8192.0,221558.0,26272.0,52641.0,1319379.0,14562.0,15948.0,13139688.0,2912856.0,27614.0,469268.0,1265080.0,432705.0,3274.0,102438.0,309591.0,60824.0,952240.0,167475.0,16882.0,34211.0,128254.0,557677.0,25793.0,45006.0,373629.0,10886.0,162381.0,1662604.0,217848.0,17989.0,499768.0,40492.0,62516.0,847111.0,93931.0,2297.0,1386.0,39698.0,14182.0,14151.0,32837.0,38271.0,728.0,9174.0,20037.0,10276.0,46823.0,50124.0,69864.0,23807.0,24827.0,266461.0,65462.0,27386.0,15295.0,256153.0,71521.0,681398.0,113156.0,101172.0,14701.0,254104.0,352067.0,75462.0,31505.0,30502.0,9049.0,44146.0,40411.0,15590.0,128161.0,306635.0,1028047.0,204502.0,216496.0,4183.0,251555.0,7735.0,15126.0,18528.0,39522.0,12832.0,31909.0,2720.0,3032.0,193.0,2.0,24961.0,12281.0,33.0,421.0,2750.0,6515.0,2302.0,108.0,173.0,88.0,851.0,2208.0,1095.0,580.0,243.0,6114.0,360.0,342.0,167.0,95.0,120.0,571.0,1374.0,257.0,50.0,61.0,129.0,129.0,16.0,362.0,18732.0,23002.0,7408.0,249267.0,8615.0,71631.0,14409.0,14013.0,24575.0,28832.0,36692.0,287087.0,41714.0,20723.0,14373.0,22515.0,773149.0,13513.0,21375.0,6273.0,19025.0,86731.0,9011.0,1390199.0,50320.0,14237.0,31351.0,191.0,1055560.0,101112.0,120405.0,21919.0,4647.0,8179.0,12346.0,133488.0,40858.0,2547390.0,1026421.0,4579.0,22792.0,12281.0,125356.0,43131.0,13116.0,9278.0,17084.0,25723.0,61755.0,28887.0,57832.0,118322.0,6356.0,123888.0,535643.0,37679.0,35063.0,146938.0,111672.0,3644507.0,225116.0,8861.0,52224.0,984787.0,30015.0,8102.0,40336.0,25464.0,4268.0,937852.0,708606.0,21800.0,302687.0,115166.0,16974.0,77322.0,330233.0,13679.0,75232.0,156625.0,67411.0,42708.0,862518.0,62854.0,29852.0,88078.0,10974.0,131471.0,405656.0,12048.0,81840.0,19401.0,168190.0,56717.0,24933.0,76690.0,124781.0,3984.0,1683256.0,35766.0,17050.0,27767.0,154882.0,698726.0,15345.0,31069.0,401964.0,16209.0,42199.0,8582.0,32759.0,15745.0,258755.0,83534.0,767727.0,38805.0,2932580.0,167283.0,36484.0,41232.0,85801.0,12014.0,24737.0,15386.0,56642.0,11153.0,834080.0,0.0
Spirochaetes,89.0,138.0,241.0,1039.0,104.0,523.0,242.0,196.0,2505.0,497.0,149.0,480.0,486.0,247.0,544.0,285.0,261.0,557.0,1612.0,1148.0,806.0,956.0,60.0,167.0,258.0,11901.0,3748.0,247.0,18645.0,241.0,476.0,543.0,3420.0,146.0,463.0,340.0,650.0,329.0,4493.0,316.0,11360.0,117.0,382.0,455.0,907.0,376.0,137.0,411.0,381.0,0.0,1082.0,139.0,257.0,262.0,18.0,382.0,298.0,306.0,74.0,661.0,104.0,2945.0,2952.0,1553.0,435.0,1981.0,349.0,865.0,332.0,1785.0,348.0,1408.0,152.0,501.0,4967.0,181.0,1794.0,352.0,267.0,123.0,1362.0,216.0,21264.0,110.0,3110.0,4872.0,191.0,664.0,193.0,25.0,406.0,379.0,331.0,369.0,4640.0,159.0,530.0,555.0,4702.0,53.0,219.0,104.0,541.0,2689.0,4640.0,102.0,352.0,554.0,364.0,1608.0,121.0,86.0,522.0,329.0,375.0,446.0,683.0,101.0,42.0,68.0,207.0,262.0,351.0,43.0,57.0,167.0,33.0,211.0,781.0,424.0,277.0,12013.0,227.0,125.0,2726.0,269.0,323.0,3184.0,705.0,134.0,324.0,323.0,12972.0,248.0,390.0,3249.0,430.0,547.0,308.0,950.0,291.0,231.0,58.0,293.0,257.0,1178.0,154.0,374.0,408.0,580.0,482.0,1627.0,200.0,200.0,3873.0,402.0,378.0,175.0,265.0,120.0,395.0,633.0,145.0,117.0,141.0,136.0,69.0,144.0,295.0,310.0,214.0,121.0,274.0,14.0,391.0,219.0,1184.0,70.0,1178.0,223.0,284.0,288.0,7411.0,1350.0,113.0,260.0,301.0,47.0,1859.0,234.0,413.0,159.0,303.0,1154.0,208.0,124.0,781.0,260.0,167.0,50.0,47.0,130.0,150.0,109.0,293.0,10.0,0.0,0.0,12.0,2.0,0.0,0.0,37.0,32.0,52.0,0.0,1.0,0.0,29.0,6.0,0.0,8.0,0.0,46.0,3.0,0.0,1.0,0.0,0.0,1.0,6.0,0.0,0.0,0.0,0.0,0.0,0.0,0.0,157.0,113.0,262.0,447.0,151.0,113.0,155.0,54.0,186.0,174.0,206.0,77108.0,441.0,516.0,47.0,249.0,2333.0,96.0,317.0,294.0,248.0,272.0,492.0,2050.0,96.0,89.0,171.0,48.0,542.0,172.0,864.0,501.0,137.0,129.0,62.0,55.0,359.0,47221.0,4836.0,106.0,51.0,215.0,960.0,172.0,280.0,42.0,154.0,455.0,267.0,386.0,178.0,345.0,101.0,466.0,336.0,137.0,106.0,8228.0,162.0,1930.0,464.0,468.0,1256.0,4160.0,480.0,227.0,406.0,362.0,59.0,3885.0,11763.0,135.0,976.0,168.0,212.0,232.0,506.0,117.0,214.0,355.0,1748.0,68.0,534.0,198.0,61.0,299.0,67.0,3370.0,212.0,5.0,73.0,46.0,837.0,299.0,609.0,216.0,200.0,267.0,666.0,616.0,186.0,737.0,223.0,239.0,124.0,264.0,3368.0,258.0,233.0,122.0,408.0,12820.0,1916.0,2025.0,458.0,607.0,1397.0,5662.0,408.0,305.0,58.0,76.0,313.0,455.0,662.0,77.0,3001.0,0.0
Synergistetes,53.0,902.0,5976.0,21467.0,58.0,489.0,809.0,42.0,361.0,7.0,1785.0,138.0,7157.0,35.0,151.0,93.0,10.0,979.0,154.0,1172.0,97.0,95.0,49.0,182.0,924.0,1334.0,69611.0,32.0,711.0,65.0,319.0,108.0,1482.0,120.0,70.0,1050.0,500.0,4024.0,300.0,82.0,2795.0,89.0,47.0,882.0,20681.0,71.0,944.0,3139.0,2035.0,8.0,562.0,205.0,179.0,1559.0,194.0,140.0,385.0,367.0,131.0,39812.0,91.0,1286.0,837.0,1194.0,1385.0,674.0,36.0,848.0,177.0,1035.0,191298.0,607.0,380.0,486.0,518.0,60.0,492.0,1790.0,89.0,97.0,39.0,336.0,11128.0,91.0,2073.0,730413.0,111.0,389.0,189.0,69.0,119.0,585.0,45.0,157.0,1813.0,690.0,24.0,1343.0,793.0,36.0,221.0,38.0,787.0,84653.0,689.0,97.0,37.0,52.0,53.0,158.0,293.0,1012.0,2403.0,39.0,339.0,190.0,28.0,144.0,17.0,8.0,98.0,1350.0,92.0,15.0,31.0,228.0,70.0,17882.0,2084.0,840.0,183.0,223.0,21.0,106.0,637.0,59.0,105.0,600.0,2104.0,426.0,18716.0,356.0,479.0,30.0,212.0,6627.0,150.0,186.0,12.0,124.0,738.0,395.0,77.0,112.0,61.0,1327.0,48.0,54.0,611.0,789.0,21.0,118.0,171.0,89.0,23404.0,3094.0,217.0,334.0,200.0,48.0,36.0,668.0,7.0,32.0,47.0,43.0,92.0,81.0,9.0,6500.0,84.0,258.0,24.0,19.0,113.0,306.0,250.0,48.0,132.0,111.0,268.0,87.0,30529.0,2432.0,166.0,408.0,93.0,62.0,656.0,6805.0,1666.0,450.0,51.0,116.0,111.0,84.0,288.0,182.0,72.0,75.0,78.0,159.0,130.0,193.0,30.0,0.0,0.0,0.0,18.0,3.0,0.0,0.0,39.0,18.0,23.0,0.0,4.0,0.0,20.0,9.0,10.0,2.0,0.0,56.0,0.0,2.0,0.0,0.0,0.0,0.0,3.0,1.0,0.0,2.0,0.0,0.0,0.0,0.0,8442.0,32.0,461.0,27.0,10637.0,15.0,35.0,363.0,1680.0,142.0,91.0,4278.0,95.0,1851.0,1195.0,86.0,4296.0,22.0,327.0,2835.0,81.0,4685.0,166.0,2243.0,162.0,2706.0,38.0,27.0,53.0,42.0,497.0,135.0,48.0,11.0,14.0,1074.0,118.0,344.0,1030.0,11.0,11.0,348.0,14568.0,509.0,297.0,14.0,14.0,13.0,307.0,1125.0,578.0,110.0,25.0,98.0,205.0,37.0,48.0,2509.0,241.0,5640.0,18575.0,208.0,71.0,831.0,224.0,2491.0,134.0,354.0,1883.0,2342.0,1875.0,1129.0,214.0,46.0,40.0,768.0,4488.0,55.0,755.0,20764.0,805.0,141.0,3469.0,131.0,150.0,164.0,174.0,59147.0,263.0,4.0,736.0,81.0,1302.0,91.0,394.0,70.0,121.0,624.0,1071.0,143.0,50.0,597.0,104.0,381.0,54.0,244.0,1786.0,66.0,158.0,993.0,108.0,873.0,859.0,2238.0,863.0,58.0,27071.0,496.0,15802.0,82.0,32.0,61.0,84.0,170.0,765.0,176.0,6477.0,0.0
Tenericutes,11.0,6.0,74.0,55.0,9.0,5.0,103.0,2.0,82.0,0.0,13.0,20.0,662.0,11.0,54.0,4.0,113.0,20.0,39.0,307.0,242.0,13.0,4.0,5.0,9.0,54.0,47.0,3.0,337.0,7.0,9.0,77.0,66.0,25.0,8.0,37.0,17.0,25.0,119.0,11.0,335.0,4.0,43.0,5.0,20.0,10.0,11.0,4.0,39.0,0.0,243.0,2.0,2.0,3.0,0.0,1.0,11.0,1.0,5.0,13.0,32.0,90.0,165.0,27.0,16.0,356.0,44.0,84.0,31.0,88.0,5.0,9.0,5.0,42.0,16.0,16.0,17.0,31.0,32.0,4.0,1.0,24.0,197.0,8.0,119.0,141.0,21.0,27.0,2.0,1.0,16.0,5.0,18.0,28.0,402.0,17.0,22.0,33.0,60.0,2.0,7.0,3.0,9.0,85.0,72.0,6.0,39.0,288.0,9.0,44.0,8.0,2.0,106.0,7.0,4.0,12.0,8.0,7.0,4.0,0.0,3.0,26.0,71.0,2.0,3.0,6.0,0.0,1.0,5.0,50.0,33.0,6.0,19.0,2.0,289.0,5.0,64.0,255.0,26.0,2.0,28.0,24.0,45.0,12.0,28.0,5372.0,12.0,15.0,12.0,336.0,16.0,28.0,0.0,3.0,8.0,341.0,8.0,8.0,8.0,175.0,1.0,166.0,319.0,25.0,696.0,26.0,27.0,9.0,14.0,7.0,4.0,262.0,6.0,3.0,0.0,4.0,0.0,4.0,54.0,1.0,57.0,3.0,4.0,2.0,209.0,15.0,54.0,2.0,15.0,11.0,7.0,92.0,170.0,99.0,12.0,4.0,112.0,3.0,262.0,2.0,189.0,5.0,5.0,73.0,2.0,2.0,23.0,9.0,13.0,33.0,21.0,49.0,3.0,19.0,4.0,5.0,0.0,0.0,1.0,0.0,0.0,0.0,3.0,0.0,0.0,0.0,0.0,0.0,0.0,0.0,0.0,0.0,0.0,5.0,0.0,0.0,0.0,0.0,0.0,0.0,0.0,0.0,0.0,0.0,0.0,0.0,0.0,0.0,8.0,19.0,12.0,12.0,8.0,8.0,5.0,6.0,7.0,471.0,8.0,131.0,33.0,1381.0,9.0,30.0,710.0,10.0,39.0,985.0,7.0,7.0,63.0,205.0,3.0,25.0,0.0,3.0,20.0,8.0,32.0,13.0,5.0,10.0,4.0,1.0,28.0,57.0,341.0,164.0,2.0,3.0,224.0,8.0,11.0,10.0,3.0,17.0,71.0,64.0,6.0,4.0,4.0,26.0,3.0,3.0,4.0,322.0,6.0,27.0,106.0,989.0,16.0,395.0,39.0,6.0,26.0,7.0,5.0,24.0,184.0,42.0,39.0,3.0,0.0,2.0,3.0,5.0,3.0,4.0,1078.0,1.0,37.0,27.0,2.0,11.0,2.0,395.0,148.0,0.0,26.0,4.0,79.0,42.0,6.0,415.0,0.0,4.0,45.0,488.0,0.0,27.0,28.0,24.0,7.0,119.0,209.0,32.0,2.0,60.0,4.0,39.0,123.0,49.0,7.0,11.0,48.0,1601.0,7.0,18.0,2.0,1.0,15.0,13.0,14.0,1.0,179.0,0.0
Thaumarchaeota,0.0,0.0,0.0,0.0,0.0,0.0,0.0,0.0,0.0,0.0,0.0,0.0,0.0,0.0,0.0,0.0,0.0,0.0,0.0,0.0,0.0,0.0,0.0,0.0,0.0,0.0,0.0,0.0,0.0,0.0,0.0,0.0,0.0,0.0,0.0,0.0,0.0,0.0,0.0,0.0,0.0,0.0,0.0,0.0,0.0,0.0,0.0,0.0,0.0,0.0,0.0,0.0,0.0,0.0,0.0,0.0,0.0,0.0,0.0,0.0,0.0,0.0,0.0,0.0,0.0,0.0,0.0,0.0,0.0,0.0,0.0,0.0,0.0,0.0,0.0,0.0,0.0,0.0,0.0,0.0,0.0,0.0,0.0,0.0,0.0,0.0,0.0,0.0,0.0,0.0,0.0,0.0,0.0,0.0,0.0,0.0,0.0,0.0,0.0,0.0,0.0,0.0,0.0,0.0,0.0,0.0,0.0,0.0,0.0,0.0,0.0,0.0,0.0,0.0,0.0,0.0,0.0,0.0,0.0,0.0,0.0,0.0,0.0,0.0,0.0,0.0,0.0,0.0,0.0,0.0,0.0,0.0,0.0,0.0,2.0,0.0,0.0,0.0,0.0,0.0,0.0,0.0,0.0,0.0,0.0,0.0,0.0,0.0,0.0,0.0,0.0,0.0,0.0,0.0,0.0,0.0,0.0,0.0,0.0,0.0,0.0,0.0,0.0,0.0,0.0,0.0,0.0,0.0,0.0,0.0,0.0,0.0,0.0,0.0,0.0,0.0,0.0,0.0,0.0,0.0,0.0,0.0,0.0,0.0,0.0,0.0,0.0,0.0,0.0,0.0,0.0,0.0,0.0,0.0,0.0,0.0,0.0,0.0,0.0,0.0,0.0,0.0,0.0,0.0,0.0,0.0,0.0,0.0,0.0,0.0,0.0,0.0,0.0,0.0,0.0,0.0,0.0,0.0,0.0,0.0,0.0,0.0,0.0,0.0,0.0,0.0,0.0,0.0,0.0,0.0,0.0,0.0,0.0,0.0,0.0,0.0,0.0,0.0,0.0,0.0,0.0,0.0,0.0,0.0,0.0,0.0,0.0,0.0,0.0,0.0,0.0,0.0,0.0,0.0,0.0,0.0,0.0,0.0,0.0,0.0,0.0,0.0,0.0,0.0,0.0,0.0,0.0,0.0,0.0,0.0,0.0,0.0,0.0,0.0,0.0,0.0,0.0,0.0,0.0,0.0,0.0,0.0,0.0,0.0,0.0,0.0,0.0,0.0,0.0,0.0,0.0,0.0,0.0,0.0,0.0,0.0,0.0,0.0,0.0,0.0,0.0,0.0,0.0,0.0,0.0,0.0,0.0,0.0,0.0,0.0,0.0,0.0,0.0,0.0,0.0,0.0,0.0,0.0,0.0,0.0,0.0,0.0,0.0,0.0,0.0,0.0,0.0,0.0,0.0,0.0,0.0,0.0,0.0,0.0,0.0,0.0,0.0,0.0,0.0,0.0,0.0,0.0,0.0,0.0,0.0,0.0,0.0,0.0,0.0,0.0,0.0,0.0,0.0,0.0,0.0,0.0,0.0,0.0,0.0,0.0,0.0,0.0,0.0,0.0,0.0,0.0,0.0,0.0,0.0,0.0,0.0,0.0,0.0,0.0,0.0,0.0
Verrucomicrobia,6668.0,78996.0,648032.0,1295926.0,21015.0,43360.0,72256.0,4835.0,82.0,2992.0,116.0,49275.0,74533.0,9536.0,152202.0,35.0,118574.0,2076.0,924849.0,6774399.0,32265.0,149.0,8.0,63672.0,12141.0,83452.0,296351.0,113.0,210158.0,62409.0,645363.0,9170.0,2741644.0,9384.0,2131713.0,240671.0,2531.0,35822.0,3063862.0,159623.0,35106.0,1182.0,220.0,619878.0,115655.0,1479347.0,7296.0,277.0,8076.0,64.0,223503.0,1739.0,109.0,34344.0,12.0,310515.0,19.0,5006.0,99602.0,310323.0,1327.0,2797048.0,116723.0,7060.0,763408.0,4223.0,2922.0,4316726.0,92733.0,198767.0,997.0,116905.0,68.0,1215.0,31667.0,80692.0,35018.0,16420.0,101615.0,20.0,78932.0,81610.0,8245731.0,55698.0,91009.0,3500905.0,9271.0,2314008.0,231292.0,229284.0,252205.0,97926.0,1009.0,212236.0,3417470.0,464158.0,40827.0,2060060.0,781222.0,3.0,54905.0,430098.0,52.0,548.0,2416663.0,6.0,72928.0,1200.0,107823.0,16980.0,25477.0,28.0,304585.0,129975.0,14482.0,358276.0,8548.0,39339.0,6.0,23.0,5785.0,6.0,231369.0,3406.0,41605.0,171.0,5367.0,1601.0,311279.0,175739.0,28066.0,169.0,71718.0,584078.0,55863.0,72718.0,174782.0,5979505.0,7045.0,1932.0,116195.0,3452.0,145.0,42802.0,396613.0,1081872.0,226038.0,109.0,41.0,144673.0,1061.0,34.0,224.0,9124.0,642.0,225205.0,39102.0,9296.0,78239.0,297381.0,89275.0,45.0,10447.0,474099.0,196272.0,165464.0,988.0,209531.0,121958.0,102.0,181.0,2716.0,3.0,49.0,324284.0,44.0,5536.0,4194.0,4.0,140457.0,43.0,86911.0,120439.0,420219.0,55469.0,2387.0,296234.0,87184.0,382628.0,6155.0,17482.0,42905.0,708906.0,1206.0,95386.0,2319.0,25249.0,51.0,1058486.0,99634.0,10366.0,366169.0,17696.0,232.0,7.0,28752.0,19989.0,1.0,158823.0,4321.0,2688.0,11453.0,6551.0,6969.0,1907.0,2199.0,100.0,10.0,1226.0,90.0,11.0,0.0,18361.0,22183.0,503.0,0.0,41.0,74.0,9831.0,1458.0,217.0,55.0,77.0,3984.0,648.0,232.0,37.0,3.0,10.0,130.0,353.0,3.0,30.0,0.0,11.0,19.0,0.0,33.0,377685.0,1034.0,71279.0,14749.0,383167.0,5.0,37524.0,6157.0,36737.0,167.0,74445.0,121585.0,132.0,397299.0,265926.0,85.0,238301.0,59592.0,202770.0,351643.0,1843.0,2374.0,345041.0,111771.0,297098.0,1696.0,180.0,11671.0,206857.0,829996.0,161.0,101857.0,2474.0,143.0,28997.0,17738.0,10062.0,132238.0,77415.0,7246.0,620649.0,1723820.0,267607.0,171938.0,161280.0,526.0,15366.0,131959.0,82190.0,4607.0,43880.0,9328.0,3316.0,974187.0,340411.0,37029.0,118633.0,5515623.0,28954.0,2246439.0,2063661.0,358908.0,195.0,54921.0,72387.0,24.0,50090.0,24041.0,577904.0,4010188.0,3259367.0,76629.0,72.0,5656.0,18720.0,23853.0,97463.0,272.0,25565.0,250195.0,400482.0,8106.0,277145.0,8.0,24759.0,177745.0,39.0,458778.0,28373.0,1.0,384501.0,11780.0,331411.0,2046.0,231011.0,27519.0,193297.0,38224.0,6041200.0,913.0,15053.0,357905.0,122258.0,15536.0,1502.0,5210.0,332.0,114639.0,43235.0,21553.0,26690.0,45817.0,14725.0,1135189.0,17359.0,34046.0,6224259.0,8507.0,1865.0,22748.0,35.0,33195.0,274883.0,1945185.0,100126.0,669442.0,1287158.0,0.0
